{"cameraMode":{"drawMode":0,"name":"Shaded","section":"Shading Mode"},"sceneLighting":true,"audioPlay":false,"sceneViewState":{"m_AlwaysRefresh":false,"showFog":true,"showSkybox":true,"showFlares":true,"showImageEffects":true,"showParticleSystems":true,"showVisualEffectGraphs":true,"m_FxEnabled":true},"in2DMode":false,"pivot":{"x":-3.190488338470459,"y":42.79821014404297,"z":-52.053890228271487},"rotation":{"x":0.10419029742479325,"y":0.00626828009262681,"z":-0.0007832844858057797,"w":0.9943698048591614},"size":2.5500009059906008,"orthographic":false}