{"cameraMode":{"drawMode":0,"name":"Shaded","section":"Shading Mode"},"sceneLighting":true,"audioPlay":false,"sceneViewState":{"m_AlwaysRefresh":false,"showFog":true,"showSkybox":true,"showFlares":true,"showImageEffects":true,"showParticleSystems":true,"showVisualEffectGraphs":true,"m_FxEnabled":true},"in2DMode":false,"pivot":{"x":1.0952930450439454,"y":-1.2086399793624879,"z":-8.922659873962403},"rotation":{"x":0.5933033227920532,"y":0.017064081504940988,"z":-0.012771902605891228,"w":0.8045705556869507},"size":20.316381454467775,"orthographic":false}