{"cameraMode":{"drawMode":0,"name":"Shaded","section":"Shading Mode"},"sceneLighting":true,"audioPlay":false,"sceneViewState":{"m_AlwaysRefresh":false,"showFog":true,"showSkybox":true,"showFlares":true,"showImageEffects":true,"showParticleSystems":true,"showVisualEffectGraphs":true,"m_FxEnabled":true},"in2DMode":false,"pivot":{"x":21.941919326782228,"y":6.234110355377197,"z":-27.862892150878908},"rotation":{"x":0.5301604270935059,"y":-0.0074553596787154678,"z":0.004453515168279409,"w":0.8476854562759399},"size":2.2323012351989748,"orthographic":false}