{"cameraMode":{"drawMode":0,"name":"Shaded","section":"Shading Mode"},"sceneLighting":true,"audioPlay":false,"sceneViewState":{"m_AlwaysRefresh":false,"showFog":true,"showSkybox":true,"showFlares":true,"showImageEffects":true,"showParticleSystems":true,"showVisualEffectGraphs":true,"m_FxEnabled":true},"in2DMode":false,"pivot":{"x":-2.1310362815856935,"y":24.771469116210939,"z":-17.648651123046876},"rotation":{"x":0.5160835981369019,"y":-0.014023827388882637,"z":0.008082353509962559,"w":0.8562778830528259},"size":1.0068398714065552,"orthographic":false}