{"cameraMode":{"drawMode":0,"name":"Shaded","section":"Shading Mode"},"sceneLighting":true,"audioPlay":false,"sceneViewState":{"m_AlwaysRefresh":false,"showFog":true,"showSkybox":true,"showFlares":true,"showImageEffects":true,"showParticleSystems":true,"showVisualEffectGraphs":true,"m_FxEnabled":true},"in2DMode":false,"pivot":{"x":7.860440254211426,"y":17.15194320678711,"z":3.495828628540039},"rotation":{"x":0.42349496483802798,"y":-0.006538454908877611,"z":0.0029873657040297987,"w":0.9056621193885803},"size":0.15292979776859284,"orthographic":false}