{"cameraMode":{"drawMode":0,"name":"Shaded","section":"Shading Mode"},"sceneLighting":true,"audioPlay":false,"sceneViewState":{"m_AlwaysRefresh":false,"showFog":true,"showSkybox":true,"showFlares":true,"showImageEffects":true,"showParticleSystems":true,"showVisualEffectGraphs":true,"m_FxEnabled":true},"in2DMode":false,"pivot":{"x":-6.326018810272217,"y":3.580857038497925,"z":-8.504571914672852},"rotation":{"x":0.027860913425683976,"y":0.04377678036689758,"z":-0.0013957559131085873,"w":0.9985569715499878},"size":0.9634831547737122,"orthographic":false}