{"cameraMode":{"drawMode":0,"name":"Shaded","section":"Shading Mode"},"sceneLighting":true,"audioPlay":false,"sceneViewState":{"m_AlwaysRefresh":false,"showFog":true,"showSkybox":true,"showFlares":true,"showImageEffects":true,"showParticleSystems":true,"showVisualEffectGraphs":true,"m_FxEnabled":true},"in2DMode":false,"pivot":{"x":21.79846954345703,"y":14.78638744354248,"z":-40.50165557861328},"rotation":{"x":0.015594985336065293,"y":0.16747888922691346,"z":-0.0031332725193351509,"w":0.9856645464897156},"size":0.024279160425066949,"orthographic":false}