{"cameraMode":{"drawMode":0,"name":"Shaded","section":"Shading Mode"},"sceneLighting":true,"audioPlay":false,"sceneViewState":{"m_AlwaysRefresh":false,"showFog":true,"showSkybox":true,"showFlares":true,"showImageEffects":true,"showParticleSystems":true,"showVisualEffectGraphs":true,"m_FxEnabled":true},"in2DMode":false,"pivot":{"x":7.624006748199463,"y":4.828436851501465,"z":-4.019329071044922},"rotation":{"x":0.04285707324743271,"y":0.03177176043391228,"z":-0.0015372502384707332,"w":0.9984777569770813},"size":0.9634831547737122,"orthographic":false}