{"cameraMode":{"drawMode":0,"name":"Shaded","section":"Shading Mode"},"sceneLighting":false,"audioPlay":false,"sceneViewState":{"m_AlwaysRefresh":false,"showFog":true,"showSkybox":false,"showFlares":true,"showImageEffects":true,"showParticleSystems":true,"showVisualEffectGraphs":true,"m_FxEnabled":true},"in2DMode":false,"pivot":{"x":-0.31360429525375368,"y":3.8190293312072756,"z":-4.600614547729492},"rotation":{"x":0.3220334053039551,"y":0.0099406186491251,"z":-0.0033819316886365415,"w":0.9466607570648193},"size":1.786399245262146,"orthographic":false}