{"cameraMode":{"drawMode":0,"name":"Shaded","section":"Shading Mode"},"sceneLighting":false,"audioPlay":false,"sceneViewState":{"m_AlwaysRefresh":false,"showFog":true,"showSkybox":false,"showFlares":true,"showImageEffects":true,"showParticleSystems":true,"showVisualEffectGraphs":true,"m_FxEnabled":true},"in2DMode":false,"pivot":{"x":0.03051149845123291,"y":2.1335670948028566,"z":-1.379389762878418},"rotation":{"x":0.2316703349351883,"y":0.09321975708007813,"z":-0.02230951562523842,"w":0.9680509567260742},"size":1.786399245262146,"orthographic":false}